Energy (eV),Wavelength (um),ep1,ep2,n,k
4.593E+00,2.700E-01,1.255E-01,3.595E+00,1.364E+00,1.318E+00
4.429E+00,2.800E-01,6.453E-01,3.663E+00,1.477E+00,1.240E+00
4.276E+00,2.900E-01,9.800E-01,3.577E+00,1.531E+00,1.168E+00
4.133E+00,3.000E-01,1.757E+00,2.937E+00,1.609E+00,9.126E-01
4.000E+00,3.100E-01,1.616E+00,1.426E+00,1.373E+00,5.192E-01
3.875E+00,3.200E-01,5.597E-01,5.462E-01,8.191E-01,3.334E-01
3.758E+00,3.300E-01,-4.108E-01,2.992E-01,2.207E-01,6.779E-01
3.647E+00,3.400E-01,-1.162E+00,2.403E-01,1.109E-01,1.084E+00
3.543E+00,3.500E-01,-1.791E+00,2.264E-01,8.443E-02,1.341E+00
3.444E+00,3.600E-01,-2.355E+00,2.255E-01,7.339E-02,1.536E+00
3.351E+00,3.699E-01,-2.881E+00,2.286E-01,6.727E-02,1.699E+00
3.263E+00,3.799E-01,-3.387E+00,2.329E-01,6.325E-02,1.841E+00
3.180E+00,3.899E-01,-3.880E+00,2.379E-01,6.035E-02,1.971E+00
3.100E+00,3.999E-01,-4.366E+00,2.432E-01,5.817E-02,2.090E+00
3.024E+00,4.099E-01,-4.850E+00,2.488E-01,5.647E-02,2.203E+00
2.952E+00,4.199E-01,-5.334E+00,2.548E-01,5.515E-02,2.310E+00
2.884E+00,4.299E-01,-5.821E+00,2.612E-01,5.411E-02,2.413E+00
2.818E+00,4.399E-01,-6.310E+00,2.679E-01,5.332E-02,2.513E+00
2.756E+00,4.499E-01,-6.805E+00,2.751E-01,5.271E-02,2.609E+00
2.696E+00,4.599E-01,-7.305E+00,2.826E-01,5.227E-02,2.703E+00
2.638E+00,4.699E-01,-7.811E+00,2.906E-01,5.198E-02,2.795E+00
2.583E+00,4.799E-01,-8.324E+00,2.990E-01,5.181E-02,2.886E+00
2.531E+00,4.899E-01,-8.844E+00,3.079E-01,5.175E-02,2.974E+00
2.480E+00,4.999E-01,-9.372E+00,3.172E-01,5.180E-02,3.062E+00
2.431E+00,5.099E-01,-9.908E+00,3.270E-01,5.193E-02,3.148E+00
2.385E+00,5.199E-01,-1.045E+01,3.373E-01,5.215E-02,3.233E+00
2.340E+00,5.299E-01,-1.100E+01,3.480E-01,5.245E-02,3.318E+00
2.296E+00,5.399E-01,-1.157E+01,3.593E-01,5.282E-02,3.401E+00
2.255E+00,5.499E-01,-1.213E+01,3.711E-01,5.326E-02,3.484E+00
2.214E+00,5.599E-01,-1.271E+01,3.834E-01,5.376E-02,3.566E+00
2.175E+00,5.699E-01,-1.330E+01,3.962E-01,5.431E-02,3.648E+00
2.138E+00,5.799E-01,-1.390E+01,4.096E-01,5.493E-02,3.728E+00
2.102E+00,5.899E-01,-1.450E+01,4.235E-01,5.560E-02,3.809E+00
2.067E+00,5.999E-01,-1.512E+01,4.380E-01,5.632E-02,3.889E+00
2.033E+00,6.099E-01,-1.574E+01,4.531E-01,5.709E-02,3.968E+00
2.000E+00,6.199E-01,-1.638E+01,4.687E-01,5.790E-02,4.048E+00
1.968E+00,6.299E-01,-1.702E+01,4.849E-01,5.876E-02,4.126E+00
1.938E+00,6.399E-01,-1.768E+01,5.017E-01,5.966E-02,4.205E+00
1.908E+00,6.499E-01,-1.834E+01,5.191E-01,6.061E-02,4.283E+00
1.879E+00,6.599E-01,-1.901E+01,5.372E-01,6.159E-02,4.361E+00
1.851E+00,6.699E-01,-1.969E+01,5.558E-01,6.262E-02,4.438E+00
1.824E+00,6.799E-01,-2.039E+01,5.751E-01,6.368E-02,4.516E+00
1.797E+00,6.899E-01,-2.109E+01,5.950E-01,6.478E-02,4.593E+00
1.771E+00,6.999E-01,-2.180E+01,6.156E-01,6.591E-02,4.669E+00
1.747E+00,7.099E-01,-2.252E+01,6.368E-01,6.708E-02,4.746E+00
1.722E+00,7.199E-01,-2.325E+01,6.586E-01,6.829E-02,4.823E+00
1.699E+00,7.299E-01,-2.399E+01,6.812E-01,6.953E-02,4.899E+00
1.676E+00,7.399E-01,-2.474E+01,7.044E-01,7.080E-02,4.975E+00
1.653E+00,7.499E-01,-2.550E+01,7.283E-01,7.210E-02,5.051E+00
1.632E+00,7.599E-01,-2.627E+01,7.529E-01,7.344E-02,5.126E+00
1.610E+00,7.699E-01,-2.706E+01,7.782E-01,7.480E-02,5.202E+00
1.590E+00,7.799E-01,-2.785E+01,8.043E-01,7.620E-02,5.278E+00
1.570E+00,7.899E-01,-2.865E+01,8.310E-01,7.762E-02,5.353E+00
1.550E+00,7.999E-01,-2.946E+01,8.585E-01,7.908E-02,5.428E+00
1.531E+00,8.099E-01,-3.028E+01,8.867E-01,8.057E-02,5.503E+00
1.512E+00,8.199E-01,-3.111E+01,9.157E-01,8.208E-02,5.578E+00
1.494E+00,8.299E-01,-3.195E+01,9.454E-01,8.362E-02,5.653E+00
1.476E+00,8.399E-01,-3.280E+01,9.759E-01,8.519E-02,5.728E+00
1.459E+00,8.499E-01,-3.366E+01,1.007E+00,8.679E-02,5.802E+00
1.442E+00,8.599E-01,-3.453E+01,1.039E+00,8.841E-02,5.877E+00
1.425E+00,8.699E-01,-3.541E+01,1.072E+00,9.007E-02,5.951E+00
1.409E+00,8.799E-01,-3.630E+01,1.106E+00,9.174E-02,6.026E+00
1.393E+00,8.899E-01,-3.720E+01,1.140E+00,9.345E-02,6.100E+00
1.378E+00,8.999E-01,-3.811E+01,1.175E+00,9.518E-02,6.174E+00
1.363E+00,9.099E-01,-3.903E+01,1.211E+00,9.694E-02,6.248E+00
1.348E+00,9.199E-01,-3.996E+01,1.248E+00,9.872E-02,6.322E+00
1.333E+00,9.299E-01,-4.090E+01,1.286E+00,1.005E-01,6.396E+00
1.319E+00,9.399E-01,-4.185E+01,1.325E+00,1.024E-01,6.470E+00
1.305E+00,9.499E-01,-4.281E+01,1.364E+00,1.042E-01,6.544E+00
1.292E+00,9.599E-01,-4.378E+01,1.404E+00,1.061E-01,6.618E+00
1.278E+00,9.698E-01,-4.476E+01,1.446E+00,1.080E-01,6.691E+00
1.265E+00,9.799E-01,-4.575E+01,1.488E+00,1.100E-01,6.765E+00
1.253E+00,9.899E-01,-4.675E+01,1.531E+00,1.119E-01,6.838E+00
1.240E+00,9.999E-01,-4.776E+01,1.575E+00,1.139E-01,6.912E+00
1.228E+00,1.010E+00,-4.878E+01,1.619E+00,1.159E-01,6.985E+00
1.216E+00,1.020E+00,-4.981E+01,1.665E+00,1.179E-01,7.059E+00
1.204E+00,1.030E+00,-5.085E+01,1.712E+00,1.200E-01,7.132E+00
1.192E+00,1.040E+00,-5.190E+01,1.759E+00,1.221E-01,7.206E+00
1.181E+00,1.050E+00,-5.297E+01,1.808E+00,1.242E-01,7.279E+00
1.170E+00,1.060E+00,-5.404E+01,1.857E+00,1.263E-01,7.352E+00
1.159E+00,1.070E+00,-5.512E+01,1.908E+00,1.285E-01,7.425E+00
1.148E+00,1.080E+00,-5.621E+01,1.959E+00,1.306E-01,7.498E+00
1.138E+00,1.090E+00,-5.731E+01,2.011E+00,1.328E-01,7.571E+00
1.127E+00,1.100E+00,-5.842E+01,2.065E+00,1.351E-01,7.645E+00
1.117E+00,1.110E+00,-5.954E+01,2.119E+00,1.373E-01,7.718E+00
1.107E+00,1.120E+00,-6.067E+01,2.174E+00,1.396E-01,7.791E+00
1.097E+00,1.130E+00,-6.181E+01,2.231E+00,1.419E-01,7.863E+00
1.088E+00,1.140E+00,-6.296E+01,2.288E+00,1.442E-01,7.936E+00
1.078E+00,1.150E+00,-6.413E+01,2.347E+00,1.465E-01,8.009E+00
1.069E+00,1.160E+00,-6.530E+01,2.406E+00,1.489E-01,8.082E+00
1.060E+00,1.170E+00,-6.648E+01,2.467E+00,1.513E-01,8.155E+00
1.051E+00,1.180E+00,-6.767E+01,2.528E+00,1.537E-01,8.228E+00
1.042E+00,1.190E+00,-6.887E+01,2.591E+00,1.561E-01,8.300E+00
1.033E+00,1.200E+00,-7.008E+01,2.655E+00,1.585E-01,8.373E+00
1.025E+00,1.210E+00,-7.130E+01,2.720E+00,1.610E-01,8.446E+00
1.016E+00,1.220E+00,-7.253E+01,2.785E+00,1.635E-01,8.518E+00
1.008E+00,1.230E+00,-7.378E+01,2.853E+00,1.660E-01,8.591E+00
1.000E+00,1.240E+00,-7.503E+01,2.921E+00,1.686E-01,8.664E+00
9.920E-01,1.250E+00,-7.629E+01,2.990E+00,1.711E-01,8.736E+00
9.841E-01,1.260E+00,-7.756E+01,3.060E+00,1.737E-01,8.809E+00
9.777E-01,1.268E+00,-7.863E+01,3.120E+00,1.759E-01,8.869E+00
9.764E-01,1.270E+00,-7.884E+01,3.132E+00,1.763E-01,8.881E+00
9.700E-01,1.278E+00,-7.992E+01,3.192E+00,1.785E-01,8.942E+00
9.688E-01,1.280E+00,-8.014E+01,3.205E+00,1.790E-01,8.954E+00
9.624E-01,1.288E+00,-8.124E+01,3.267E+00,1.812E-01,9.015E+00
9.612E-01,1.290E+00,-8.144E+01,3.278E+00,1.816E-01,9.026E+00
9.547E-01,1.299E+00,-8.260E+01,3.344E+00,1.840E-01,9.090E+00
9.539E-01,1.300E+00,-8.275E+01,3.353E+00,1.843E-01,9.099E+00
9.471E-01,1.309E+00,-8.398E+01,3.424E+00,1.868E-01,9.166E+00
9.466E-01,1.310E+00,-8.407E+01,3.429E+00,1.870E-01,9.171E+00
9.394E-01,1.320E+00,-8.540E+01,3.507E+00,1.897E-01,9.243E+00
9.394E-01,1.320E+00,-8.540E+01,3.507E+00,1.897E-01,9.243E+00
9.337E-01,1.328E+00,-8.649E+01,3.570E+00,1.919E-01,9.302E+00
9.323E-01,1.330E+00,-8.675E+01,3.585E+00,1.924E-01,9.316E+00
9.260E-01,1.339E+00,-8.797E+01,3.657E+00,1.949E-01,9.381E+00
9.254E-01,1.340E+00,-8.810E+01,3.665E+00,1.952E-01,9.388E+00
9.203E-01,1.347E+00,-8.911E+01,3.725E+00,1.973E-01,9.442E+00
9.185E-01,1.350E+00,-8.946E+01,3.746E+00,1.980E-01,9.460E+00
9.126E-01,1.359E+00,-9.066E+01,3.817E+00,2.004E-01,9.524E+00
9.069E-01,1.367E+00,-9.184E+01,3.889E+00,2.029E-01,9.586E+00
8.992E-01,1.379E+00,-9.346E+01,3.987E+00,2.062E-01,9.670E+00
8.935E-01,1.388E+00,-9.470E+01,4.063E+00,2.087E-01,9.734E+00
8.858E-01,1.400E+00,-9.640E+01,4.167E+00,2.122E-01,9.820E+00
8.801E-01,1.409E+00,-9.769E+01,4.248E+00,2.148E-01,9.886E+00
8.744E-01,1.418E+00,-9.902E+01,4.331E+00,2.176E-01,9.953E+00
8.686E-01,1.427E+00,-1.004E+02,4.416E+00,2.203E-01,1.002E+01
8.671E-01,1.430E+00,-1.007E+02,4.438E+00,2.210E-01,1.004E+01
8.629E-01,1.437E+00,-1.017E+02,4.503E+00,2.231E-01,1.009E+01
8.611E-01,1.440E+00,-1.022E+02,4.530E+00,2.240E-01,1.011E+01
8.552E-01,1.450E+00,-1.036E+02,4.623E+00,2.270E-01,1.018E+01
8.552E-01,1.450E+00,-1.036E+02,4.623E+00,2.270E-01,1.018E+01
8.495E-01,1.460E+00,-1.051E+02,4.716E+00,2.300E-01,1.025E+01
8.493E-01,1.460E+00,-1.051E+02,4.718E+00,2.301E-01,1.026E+01
8.437E-01,1.469E+00,-1.065E+02,4.811E+00,2.330E-01,1.032E+01
8.435E-01,1.470E+00,-1.066E+02,4.814E+00,2.331E-01,1.033E+01
8.380E-01,1.480E+00,-1.080E+02,4.909E+00,2.361E-01,1.040E+01
8.378E-01,1.480E+00,-1.081E+02,4.912E+00,2.362E-01,1.040E+01
8.323E-01,1.490E+00,-1.096E+02,5.009E+00,2.392E-01,1.047E+01
8.322E-01,1.490E+00,-1.096E+02,5.010E+00,2.393E-01,1.047E+01
8.284E-01,1.497E+00,-1.106E+02,5.078E+00,2.414E-01,1.052E+01
8.267E-01,1.500E+00,-1.111E+02,5.110E+00,2.424E-01,1.054E+01
8.227E-01,1.507E+00,-1.122E+02,5.184E+00,2.446E-01,1.060E+01
8.212E-01,1.510E+00,-1.126E+02,5.212E+00,2.455E-01,1.062E+01
8.170E-01,1.518E+00,-1.138E+02,5.292E+00,2.480E-01,1.067E+01
8.158E-01,1.520E+00,-1.142E+02,5.315E+00,2.487E-01,1.069E+01
8.112E-01,1.528E+00,-1.155E+02,5.404E+00,2.514E-01,1.075E+01
8.105E-01,1.530E+00,-1.157E+02,5.419E+00,2.518E-01,1.076E+01
8.055E-01,1.539E+00,-1.172E+02,5.519E+00,2.549E-01,1.083E+01
8.052E-01,1.540E+00,-1.172E+02,5.524E+00,2.550E-01,1.083E+01
8.017E-01,1.547E+00,-1.183E+02,5.597E+00,2.572E-01,1.088E+01
8.000E-01,1.550E+00,-1.188E+02,5.631E+00,2.582E-01,1.090E+01
7.959E-01,1.558E+00,-1.201E+02,5.718E+00,2.608E-01,1.096E+01
7.949E-01,1.560E+00,-1.204E+02,5.739E+00,2.615E-01,1.098E+01
7.902E-01,1.569E+00,-1.219E+02,5.841E+00,2.645E-01,1.104E+01
7.898E-01,1.570E+00,-1.220E+02,5.849E+00,2.647E-01,1.105E+01
7.863E-01,1.577E+00,-1.231E+02,5.926E+00,2.670E-01,1.110E+01
7.848E-01,1.580E+00,-1.236E+02,5.960E+00,2.680E-01,1.112E+01
7.806E-01,1.588E+00,-1.249E+02,6.056E+00,2.708E-01,1.118E+01
7.799E-01,1.590E+00,-1.252E+02,6.073E+00,2.713E-01,1.119E+01
7.768E-01,1.596E+00,-1.262E+02,6.145E+00,2.734E-01,1.124E+01
7.750E-01,1.600E+00,-1.268E+02,6.187E+00,2.747E-01,1.126E+01
7.710E-01,1.608E+00,-1.281E+02,6.282E+00,2.774E-01,1.132E+01
7.702E-01,1.610E+00,-1.284E+02,6.302E+00,2.780E-01,1.134E+01
7.672E-01,1.616E+00,-1.294E+02,6.375E+00,2.801E-01,1.138E+01
7.654E-01,1.620E+00,-1.300E+02,6.419E+00,2.814E-01,1.141E+01
7.615E-01,1.628E+00,-1.314E+02,6.519E+00,2.842E-01,1.147E+01
7.607E-01,1.630E+00,-1.317E+02,6.538E+00,2.848E-01,1.148E+01
7.576E-01,1.636E+00,-1.328E+02,6.617E+00,2.870E-01,1.153E+01
7.561E-01,1.640E+00,-1.333E+02,6.657E+00,2.882E-01,1.155E+01
7.519E-01,1.649E+00,-1.348E+02,6.768E+00,2.913E-01,1.162E+01
7.515E-01,1.650E+00,-1.350E+02,6.778E+00,2.916E-01,1.162E+01
7.481E-01,1.657E+00,-1.363E+02,6.871E+00,2.942E-01,1.168E+01
7.470E-01,1.660E+00,-1.367E+02,6.901E+00,2.951E-01,1.169E+01
7.443E-01,1.666E+00,-1.377E+02,6.977E+00,2.972E-01,1.174E+01
7.425E-01,1.670E+00,-1.383E+02,7.025E+00,2.985E-01,1.177E+01
7.385E-01,1.679E+00,-1.399E+02,7.139E+00,3.017E-01,1.183E+01
7.381E-01,1.680E+00,-1.400E+02,7.151E+00,3.020E-01,1.184E+01
7.347E-01,1.688E+00,-1.414E+02,7.250E+00,3.048E-01,1.189E+01
7.337E-01,1.690E+00,-1.418E+02,7.278E+00,3.056E-01,1.191E+01
7.309E-01,1.696E+00,-1.429E+02,7.363E+00,3.079E-01,1.196E+01
7.294E-01,1.700E+00,-1.434E+02,7.406E+00,3.091E-01,1.198E+01
7.270E-01,1.705E+00,-1.444E+02,7.479E+00,3.111E-01,1.202E+01
7.252E-01,1.710E+00,-1.452E+02,7.537E+00,3.127E-01,1.205E+01
7.213E-01,1.719E+00,-1.468E+02,7.657E+00,3.159E-01,1.212E+01
7.209E-01,1.720E+00,-1.469E+02,7.669E+00,3.162E-01,1.213E+01
7.175E-01,1.728E+00,-1.483E+02,7.779E+00,3.192E-01,1.218E+01
7.168E-01,1.730E+00,-1.487E+02,7.802E+00,3.198E-01,1.220E+01
7.136E-01,1.737E+00,-1.500E+02,7.904E+00,3.226E-01,1.225E+01
7.126E-01,1.740E+00,-1.504E+02,7.936E+00,3.235E-01,1.227E+01
7.098E-01,1.747E+00,-1.516E+02,8.031E+00,3.260E-01,1.232E+01
7.086E-01,1.750E+00,-1.522E+02,8.073E+00,3.271E-01,1.234E+01
7.060E-01,1.756E+00,-1.533E+02,8.161E+00,3.295E-01,1.239E+01
7.046E-01,1.760E+00,-1.539E+02,8.211E+00,3.308E-01,1.241E+01
7.022E-01,1.766E+00,-1.550E+02,8.295E+00,3.330E-01,1.246E+01
7.006E-01,1.770E+00,-1.557E+02,8.351E+00,3.345E-01,1.248E+01
6.983E-01,1.775E+00,-1.567E+02,8.430E+00,3.366E-01,1.252E+01
6.966E-01,1.780E+00,-1.575E+02,8.491E+00,3.382E-01,1.256E+01
6.945E-01,1.785E+00,-1.585E+02,8.569E+00,3.402E-01,1.259E+01
6.927E-01,1.790E+00,-1.593E+02,8.634E+00,3.419E-01,1.263E+01
6.907E-01,1.795E+00,-1.603E+02,8.711E+00,3.439E-01,1.267E+01
6.889E-01,1.800E+00,-1.611E+02,8.779E+00,3.457E-01,1.270E+01
6.869E-01,1.805E+00,-1.621E+02,8.856E+00,3.477E-01,1.274E+01
6.851E-01,1.810E+00,-1.630E+02,8.924E+00,3.494E-01,1.277E+01
6.830E-01,1.815E+00,-1.639E+02,9.004E+00,3.515E-01,1.281E+01
6.813E-01,1.820E+00,-1.648E+02,9.072E+00,3.532E-01,1.284E+01
6.792E-01,1.825E+00,-1.658E+02,9.157E+00,3.554E-01,1.288E+01
6.776E-01,1.830E+00,-1.666E+02,9.222E+00,3.570E-01,1.291E+01
6.754E-01,1.836E+00,-1.678E+02,9.312E+00,3.593E-01,1.296E+01
6.739E-01,1.840E+00,-1.685E+02,9.372E+00,3.609E-01,1.299E+01
6.716E-01,1.846E+00,-1.697E+02,9.471E+00,3.634E-01,1.303E+01
6.703E-01,1.850E+00,-1.704E+02,9.525E+00,3.647E-01,1.306E+01
6.677E-01,1.857E+00,-1.717E+02,9.633E+00,3.675E-01,1.311E+01
6.667E-01,1.860E+00,-1.722E+02,9.679E+00,3.686E-01,1.313E+01
6.639E-01,1.868E+00,-1.737E+02,9.799E+00,3.716E-01,1.318E+01
6.631E-01,1.870E+00,-1.741E+02,9.834E+00,3.725E-01,1.320E+01
6.601E-01,1.878E+00,-1.757E+02,9.970E+00,3.759E-01,1.326E+01
6.596E-01,1.880E+00,-1.760E+02,9.992E+00,3.764E-01,1.327E+01
6.562E-01,1.889E+00,-1.778E+02,1.014E+01,3.802E-01,1.334E+01
6.561E-01,1.890E+00,-1.779E+02,1.015E+01,3.804E-01,1.334E+01
6.543E-01,1.895E+00,-1.789E+02,1.023E+01,3.824E-01,1.338E+01
6.526E-01,1.900E+00,-1.798E+02,1.031E+01,3.843E-01,1.342E+01
6.505E-01,1.906E+00,-1.810E+02,1.041E+01,3.868E-01,1.346E+01
6.492E-01,1.910E+00,-1.817E+02,1.047E+01,3.883E-01,1.349E+01
6.467E-01,1.917E+00,-1.832E+02,1.060E+01,3.913E-01,1.354E+01
6.458E-01,1.920E+00,-1.837E+02,1.064E+01,3.923E-01,1.356E+01
6.429E-01,1.929E+00,-1.854E+02,1.079E+01,3.959E-01,1.362E+01
6.425E-01,1.930E+00,-1.856E+02,1.080E+01,3.964E-01,1.363E+01
6.409E-01,1.934E+00,-1.865E+02,1.088E+01,3.982E-01,1.366E+01
6.392E-01,1.940E+00,-1.876E+02,1.097E+01,4.004E-01,1.370E+01
6.371E-01,1.946E+00,-1.888E+02,1.108E+01,4.030E-01,1.375E+01
6.359E-01,1.950E+00,-1.895E+02,1.114E+01,4.045E-01,1.377E+01
6.333E-01,1.958E+00,-1.911E+02,1.128E+01,4.078E-01,1.383E+01
6.327E-01,1.960E+00,-1.915E+02,1.131E+01,4.086E-01,1.384E+01
6.295E-01,1.970E+00,-1.935E+02,1.148E+01,4.127E-01,1.392E+01
6.294E-01,1.970E+00,-1.935E+02,1.149E+01,4.127E-01,1.392E+01
6.275E-01,1.976E+00,-1.947E+02,1.159E+01,4.151E-01,1.396E+01
6.263E-01,1.980E+00,-1.955E+02,1.166E+01,4.168E-01,1.399E+01
6.237E-01,1.988E+00,-1.971E+02,1.180E+01,4.202E-01,1.405E+01
6.231E-01,1.990E+00,-1.975E+02,1.184E+01,4.210E-01,1.406E+01
6.218E-01,1.994E+00,-1.983E+02,1.191E+01,4.227E-01,1.409E+01
6.200E-01,2.000E+00,-1.995E+02,1.201E+01,4.251E-01,1.413E+01
6.180E-01,2.006E+00,-2.008E+02,1.213E+01,4.279E-01,1.418E+01
6.142E-01,2.019E+00,-2.034E+02,1.236E+01,4.331E-01,1.427E+01
6.122E-01,2.025E+00,-2.046E+02,1.247E+01,4.358E-01,1.431E+01
6.084E-01,2.038E+00,-2.073E+02,1.271E+01,4.412E-01,1.440E+01
6.065E-01,2.044E+00,-2.086E+02,1.283E+01,4.440E-01,1.445E+01
6.027E-01,2.057E+00,-2.112E+02,1.307E+01,4.495E-01,1.454E+01
6.008E-01,2.064E+00,-2.126E+02,1.320E+01,4.524E-01,1.459E+01
5.969E-01,2.077E+00,-2.154E+02,1.345E+01,4.581E-01,1.468E+01
5.950E-01,2.084E+00,-2.168E+02,1.358E+01,4.610E-01,1.473E+01
5.912E-01,2.097E+00,-2.196E+02,1.385E+01,4.669E-01,1.483E+01
5.893E-01,2.104E+00,-2.210E+02,1.398E+01,4.699E-01,1.488E+01
5.855E-01,2.118E+00,-2.240E+02,1.425E+01,4.760E-01,1.497E+01
5.835E-01,2.125E+00,-2.255E+02,1.439E+01,4.791E-01,1.502E+01
5.797E-01,2.139E+00,-2.285E+02,1.468E+01,4.853E-01,1.512E+01
5.778E-01,2.146E+00,-2.300E+02,1.482E+01,4.885E-01,1.517E+01
5.759E-01,2.153E+00,-2.316E+02,1.497E+01,4.917E-01,1.523E+01
5.721E-01,2.167E+00,-2.347E+02,1.527E+01,4.982E-01,1.533E+01
5.702E-01,2.175E+00,-2.363E+02,1.543E+01,5.015E-01,1.538E+01
5.663E-01,2.189E+00,-2.395E+02,1.574E+01,5.082E-01,1.548E+01
5.644E-01,2.197E+00,-2.411E+02,1.590E+01,5.116E-01,1.554E+01
5.625E-01,2.204E+00,-2.428E+02,1.606E+01,5.151E-01,1.559E+01
5.587E-01,2.219E+00,-2.462E+02,1.639E+01,5.221E-01,1.570E+01
5.568E-01,2.227E+00,-2.479E+02,1.656E+01,5.256E-01,1.575E+01
5.548E-01,2.235E+00,-2.496E+02,1.673E+01,5.292E-01,1.581E+01
5.529E-01,2.242E+00,-2.514E+02,1.690E+01,5.328E-01,1.586E+01
5.491E-01,2.258E+00,-2.549E+02,1.726E+01,5.402E-01,1.597E+01
5.472E-01,2.266E+00,-2.567E+02,1.744E+01,5.439E-01,1.603E+01
5.453E-01,2.274E+00,-2.585E+02,1.762E+01,5.477E-01,1.609E+01
5.434E-01,2.282E+00,-2.603E+02,1.781E+01,5.515E-01,1.614E+01
5.395E-01,2.298E+00,-2.641E+02,1.819E+01,5.593E-01,1.626E+01
5.376E-01,2.306E+00,-2.660E+02,1.838E+01,5.632E-01,1.632E+01
5.357E-01,2.314E+00,-2.679E+02,1.858E+01,5.672E-01,1.638E+01
5.338E-01,2.323E+00,-2.698E+02,1.878E+01,5.712E-01,1.644E+01
5.300E-01,2.339E+00,-2.737E+02,1.918E+01,5.794E-01,1.656E+01
5.281E-01,2.348E+00,-2.758E+02,1.939E+01,5.835E-01,1.662E+01
5.261E-01,2.356E+00,-2.778E+02,1.960E+01,5.877E-01,1.668E+01
5.242E-01,2.365E+00,-2.798E+02,1.982E+01,5.920E-01,1.674E+01
5.223E-01,2.374E+00,-2.819E+02,2.004E+01,5.963E-01,1.680E+01
5.204E-01,2.382E+00,-2.840E+02,2.026E+01,6.006E-01,1.686E+01
5.185E-01,2.391E+00,-2.861E+02,2.048E+01,6.050E-01,1.692E+01
5.147E-01,2.409E+00,-2.904E+02,2.094E+01,6.139E-01,1.705E+01
5.128E-01,2.418E+00,-2.925E+02,2.117E+01,6.185E-01,1.712E+01
5.108E-01,2.427E+00,-2.947E+02,2.141E+01,6.231E-01,1.718E+01
5.089E-01,2.436E+00,-2.970E+02,2.165E+01,6.277E-01,1.724E+01
5.070E-01,2.445E+00,-2.992E+02,2.189E+01,6.324E-01,1.731E+01
5.051E-01,2.455E+00,-3.015E+02,2.214E+01,6.372E-01,1.738E+01
5.032E-01,2.464E+00,-3.038E+02,2.239E+01,6.420E-01,1.744E+01
5.013E-01,2.473E+00,-3.061E+02,2.265E+01,6.468E-01,1.751E+01
4.994E-01,2.483E+00,-3.085E+02,2.291E+01,6.517E-01,1.758E+01
4.974E-01,2.492E+00,-3.109E+02,2.317E+01,6.567E-01,1.765E+01
4.955E-01,2.502E+00,-3.133E+02,2.344E+01,6.617E-01,1.771E+01
4.936E-01,2.512E+00,-3.158E+02,2.371E+01,6.668E-01,1.778E+01
4.917E-01,2.522E+00,-3.182E+02,2.399E+01,6.720E-01,1.785E+01
4.898E-01,2.531E+00,-3.207E+02,2.427E+01,6.772E-01,1.792E+01
4.879E-01,2.541E+00,-3.232E+02,2.456E+01,6.824E-01,1.799E+01
4.860E-01,2.551E+00,-3.258E+02,2.485E+01,6.878E-01,1.806E+01
4.841E-01,2.561E+00,-3.284E+02,2.514E+01,6.931E-01,1.814E+01
4.821E-01,2.572E+00,-3.310E+02,2.544E+01,6.986E-01,1.821E+01
4.802E-01,2.582E+00,-3.337E+02,2.574E+01,7.041E-01,1.828E+01
4.783E-01,2.592E+00,-3.364E+02,2.605E+01,7.097E-01,1.835E+01
4.764E-01,2.603E+00,-3.391E+02,2.637E+01,7.154E-01,1.843E+01
4.745E-01,2.613E+00,-3.418E+02,2.668E+01,7.211E-01,1.850E+01
4.726E-01,2.624E+00,-3.446E+02,2.701E+01,7.269E-01,1.858E+01
4.707E-01,2.634E+00,-3.474E+02,2.734E+01,7.327E-01,1.865E+01
4.687E-01,2.645E+00,-3.503E+02,2.767E+01,7.387E-01,1.873E+01
4.668E-01,2.656E+00,-3.531E+02,2.801E+01,7.447E-01,1.881E+01
4.649E-01,2.667E+00,-3.561E+02,2.836E+01,7.508E-01,1.889E+01
4.630E-01,2.678E+00,-3.590E+02,2.871E+01,7.569E-01,1.896E+01
4.611E-01,2.689E+00,-3.620E+02,2.906E+01,7.631E-01,1.904E+01
4.592E-01,2.700E+00,-3.650E+02,2.943E+01,7.695E-01,1.912E+01
4.573E-01,2.711E+00,-3.681E+02,2.980E+01,7.758E-01,1.920E+01
4.554E-01,2.723E+00,-3.712E+02,3.017E+01,7.823E-01,1.928E+01
4.534E-01,2.734E+00,-3.743E+02,3.055E+01,7.889E-01,1.936E+01
4.515E-01,2.746E+00,-3.775E+02,3.094E+01,7.955E-01,1.945E+01
4.496E-01,2.758E+00,-3.807E+02,3.133E+01,8.022E-01,1.953E+01
4.477E-01,2.769E+00,-3.840E+02,3.173E+01,8.090E-01,1.961E+01
4.458E-01,2.781E+00,-3.873E+02,3.214E+01,8.159E-01,1.970E+01
4.439E-01,2.793E+00,-3.907E+02,3.256E+01,8.229E-01,1.978E+01
4.420E-01,2.805E+00,-3.940E+02,3.298E+01,8.300E-01,1.987E+01
4.401E-01,2.817E+00,-3.975E+02,3.341E+01,8.371E-01,1.996E+01
4.381E-01,2.830E+00,-4.010E+02,3.385E+01,8.444E-01,2.004E+01
4.362E-01,2.842E+00,-4.045E+02,3.429E+01,8.517E-01,2.013E+01
4.343E-01,2.855E+00,-4.081E+02,3.474E+01,8.592E-01,2.022E+01
4.324E-01,2.867E+00,-4.117E+02,3.520E+01,8.667E-01,2.031E+01
4.305E-01,2.880E+00,-4.154E+02,3.567E+01,8.744E-01,2.040E+01
4.286E-01,2.893E+00,-4.191E+02,3.615E+01,8.821E-01,2.049E+01
4.267E-01,2.906E+00,-4.228E+02,3.664E+01,8.900E-01,2.058E+01
4.247E-01,2.919E+00,-4.266E+02,3.713E+01,8.979E-01,2.068E+01
4.228E-01,2.932E+00,-4.305E+02,3.763E+01,9.060E-01,2.077E+01
4.209E-01,2.946E+00,-4.344E+02,3.815E+01,9.142E-01,2.086E+01
4.190E-01,2.959E+00,-4.384E+02,3.867E+01,9.225E-01,2.096E+01
4.171E-01,2.973E+00,-4.424E+02,3.920E+01,9.309E-01,2.106E+01
4.152E-01,2.986E+00,-4.465E+02,3.974E+01,9.394E-01,2.115E+01
4.133E-01,3.000E+00,-4.507E+02,4.029E+01,9.480E-01,2.125E+01
4.114E-01,3.014E+00,-4.549E+02,4.085E+01,9.568E-01,2.135E+01
4.094E-01,3.028E+00,-4.591E+02,4.143E+01,9.657E-01,2.145E+01
4.075E-01,3.042E+00,-4.635E+02,4.201E+01,9.747E-01,2.155E+01
4.056E-01,3.057E+00,-4.678E+02,4.260E+01,9.838E-01,2.165E+01
4.037E-01,3.071E+00,-4.723E+02,4.321E+01,9.931E-01,2.175E+01
4.018E-01,3.086E+00,-4.767E+02,4.382E+01,1.003E+00,2.186E+01
3.999E-01,3.101E+00,-4.813E+02,4.445E+01,1.012E+00,2.196E+01
3.980E-01,3.116E+00,-4.860E+02,4.509E+01,1.022E+00,2.207E+01
3.960E-01,3.131E+00,-4.906E+02,4.574E+01,1.031E+00,2.217E+01
3.941E-01,3.146E+00,-4.954E+02,4.641E+01,1.041E+00,2.228E+01
3.922E-01,3.161E+00,-5.002E+02,4.709E+01,1.052E+00,2.239E+01
3.903E-01,3.177E+00,-5.051E+02,4.778E+01,1.062E+00,2.250E+01
3.884E-01,3.192E+00,-5.101E+02,4.848E+01,1.072E+00,2.261E+01
3.865E-01,3.208E+00,-5.151E+02,4.920E+01,1.083E+00,2.272E+01
3.846E-01,3.224E+00,-5.202E+02,4.993E+01,1.093E+00,2.284E+01
3.827E-01,3.240E+00,-5.254E+02,5.068E+01,1.104E+00,2.295E+01
3.807E-01,3.256E+00,-5.308E+02,5.144E+01,1.115E+00,2.307E+01
3.788E-01,3.273E+00,-5.361E+02,5.222E+01,1.126E+00,2.318E+01
3.769E-01,3.289E+00,-5.415E+02,5.302E+01,1.138E+00,2.330E+01
3.750E-01,3.306E+00,-5.470E+02,5.383E+01,1.149E+00,2.342E+01
3.731E-01,3.323E+00,-5.526E+02,5.465E+01,1.161E+00,2.354E+01
3.712E-01,3.340E+00,-5.583E+02,5.550E+01,1.173E+00,2.366E+01
3.693E-01,3.358E+00,-5.641E+02,5.636E+01,1.185E+00,2.378E+01
3.673E-01,3.375E+00,-5.700E+02,5.724E+01,1.197E+00,2.390E+01
3.654E-01,3.393E+00,-5.759E+02,5.814E+01,1.210E+00,2.403E+01
3.635E-01,3.411E+00,-5.820E+02,5.905E+01,1.222E+00,2.416E+01
3.616E-01,3.429E+00,-5.881E+02,5.998E+01,1.235E+00,2.428E+01
3.597E-01,3.447E+00,-5.943E+02,6.094E+01,1.248E+00,2.441E+01
3.578E-01,3.465E+00,-6.007E+02,6.192E+01,1.262E+00,2.454E+01
3.559E-01,3.484E+00,-6.071E+02,6.291E+01,1.275E+00,2.467E+01
3.540E-01,3.503E+00,-6.137E+02,6.393E+01,1.289E+00,2.481E+01
3.520E-01,3.522E+00,-6.203E+02,6.497E+01,1.303E+00,2.494E+01
3.501E-01,3.541E+00,-6.271E+02,6.604E+01,1.317E+00,2.508E+01
3.482E-01,3.561E+00,-6.339E+02,6.712E+01,1.331E+00,2.521E+01
3.463E-01,3.580E+00,-6.409E+02,6.823E+01,1.346E+00,2.535E+01
3.444E-01,3.600E+00,-6.480E+02,6.936E+01,1.361E+00,2.549E+01
3.425E-01,3.620E+00,-6.552E+02,7.052E+01,1.376E+00,2.563E+01
3.406E-01,3.641E+00,-6.625E+02,7.171E+01,1.391E+00,2.578E+01
3.386E-01,3.661E+00,-6.700E+02,7.292E+01,1.407E+00,2.592E+01
3.367E-01,3.682E+00,-6.776E+02,7.416E+01,1.422E+00,2.607E+01
3.348E-01,3.703E+00,-6.853E+02,7.543E+01,1.439E+00,2.622E+01
3.329E-01,3.724E+00,-6.931E+02,7.672E+01,1.455E+00,2.637E+01
3.310E-01,3.746E+00,-7.011E+02,7.805E+01,1.472E+00,2.652E+01
3.291E-01,3.768E+00,-7.092E+02,7.941E+01,1.489E+00,2.667E+01
3.272E-01,3.790E+00,-7.174E+02,8.080E+01,1.506E+00,2.683E+01
3.253E-01,3.812E+00,-7.258E+02,8.222E+01,1.524E+00,2.698E+01
3.233E-01,3.834E+00,-7.344E+02,8.368E+01,1.541E+00,2.714E+01
3.214E-01,3.857E+00,-7.431E+02,8.517E+01,1.560E+00,2.730E+01
3.195E-01,3.880E+00,-7.519E+02,8.669E+01,1.578E+00,2.747E+01
3.176E-01,3.904E+00,-7.609E+02,8.825E+01,1.597E+00,2.763E+01
3.157E-01,3.927E+00,-7.701E+02,8.985E+01,1.616E+00,2.780E+01
3.138E-01,3.951E+00,-7.794E+02,9.149E+01,1.636E+00,2.797E+01
3.119E-01,3.976E+00,-7.889E+02,9.317E+01,1.656E+00,2.814E+01
3.100E-01,4.000E+00,-7.986E+02,9.489E+01,1.676E+00,2.831E+01
3.080E-01,4.025E+00,-8.084E+02,9.665E+01,1.697E+00,2.848E+01
3.061E-01,4.050E+00,-8.184E+02,9.845E+01,1.718E+00,2.866E+01
3.042E-01,4.076E+00,-8.287E+02,1.003E+02,1.739E+00,2.884E+01
3.023E-01,4.101E+00,-8.391E+02,1.022E+02,1.761E+00,2.902E+01
3.004E-01,4.128E+00,-8.497E+02,1.042E+02,1.783E+00,2.920E+01
2.985E-01,4.154E+00,-8.605E+02,1.061E+02,1.806E+00,2.939E+01
2.966E-01,4.181E+00,-8.715E+02,1.082E+02,1.829E+00,2.958E+01
2.946E-01,4.208E+00,-8.827E+02,1.103E+02,1.853E+00,2.977E+01
2.927E-01,4.235E+00,-8.941E+02,1.124E+02,1.877E+00,2.996E+01
2.908E-01,4.263E+00,-9.058E+02,1.147E+02,1.901E+00,3.016E+01
2.889E-01,4.292E+00,-9.177E+02,1.169E+02,1.926E+00,3.035E+01
2.870E-01,4.320E+00,-9.298E+02,1.193E+02,1.951E+00,3.056E+01
2.851E-01,4.349E+00,-9.421E+02,1.216E+02,1.977E+00,3.076E+01
2.832E-01,4.379E+00,-9.548E+02,1.241E+02,2.004E+00,3.096E+01
2.813E-01,4.408E+00,-9.676E+02,1.266E+02,2.031E+00,3.117E+01
2.793E-01,4.439E+00,-9.807E+02,1.292E+02,2.059E+00,3.138E+01
2.774E-01,4.469E+00,-9.941E+02,1.319E+02,2.087E+00,3.160E+01
2.755E-01,4.500E+00,-1.008E+03,1.346E+02,2.115E+00,3.182E+01
2.736E-01,4.532E+00,-1.022E+03,1.374E+02,2.145E+00,3.204E+01
2.717E-01,4.564E+00,-1.036E+03,1.403E+02,2.175E+00,3.226E+01
2.698E-01,4.596E+00,-1.050E+03,1.433E+02,2.205E+00,3.249E+01
2.679E-01,4.629E+00,-1.065E+03,1.463E+02,2.236E+00,3.272E+01
2.659E-01,4.662E+00,-1.080E+03,1.495E+02,2.268E+00,3.295E+01
2.640E-01,4.696E+00,-1.096E+03,1.527E+02,2.301E+00,3.318E+01
2.621E-01,4.730E+00,-1.112E+03,1.560E+02,2.334E+00,3.342E+01
2.602E-01,4.765E+00,-1.128E+03,1.594E+02,2.368E+00,3.367E+01
2.583E-01,4.800E+00,-1.144E+03,1.630E+02,2.403E+00,3.391E+01
2.564E-01,4.836E+00,-1.161E+03,1.666E+02,2.438E+00,3.416E+01
2.545E-01,4.872E+00,-1.178E+03,1.703E+02,2.474E+00,3.442E+01
2.526E-01,4.909E+00,-1.196E+03,1.742E+02,2.512E+00,3.467E+01
2.506E-01,4.947E+00,-1.214E+03,1.781E+02,2.550E+00,3.493E+01
2.487E-01,4.985E+00,-1.232E+03,1.822E+02,2.588E+00,3.520E+01
2.468E-01,5.023E+00,-1.251E+03,1.864E+02,2.628E+00,3.547E+01
2.449E-01,5.063E+00,-1.270E+03,1.908E+02,2.669E+00,3.574E+01
2.430E-01,5.103E+00,-1.290E+03,1.952E+02,2.710E+00,3.602E+01
2.411E-01,5.143E+00,-1.310E+03,1.998E+02,2.753E+00,3.630E+01
2.392E-01,5.184E+00,-1.331E+03,2.046E+02,2.796E+00,3.659E+01
2.372E-01,5.226E+00,-1.352E+03,2.095E+02,2.841E+00,3.688E+01
2.353E-01,5.269E+00,-1.373E+03,2.146E+02,2.886E+00,3.717E+01
2.334E-01,5.312E+00,-1.396E+03,2.198E+02,2.933E+00,3.747E+01
2.315E-01,5.356E+00,-1.418E+03,2.252E+02,2.981E+00,3.778E+01
2.296E-01,5.400E+00,-1.441E+03,2.308E+02,3.030E+00,3.809E+01
2.277E-01,5.446E+00,-1.465E+03,2.366E+02,3.080E+00,3.840E+01
2.258E-01,5.492E+00,-1.489E+03,2.425E+02,3.132E+00,3.872E+01
2.239E-01,5.539E+00,-1.514E+03,2.487E+02,3.185E+00,3.905E+01
2.219E-01,5.586E+00,-1.540E+03,2.551E+02,3.239E+00,3.938E+01
2.200E-01,5.635E+00,-1.566E+03,2.617E+02,3.294E+00,3.971E+01
2.181E-01,5.684E+00,-1.593E+03,2.685E+02,3.351E+00,4.005E+01
2.162E-01,5.735E+00,-1.621E+03,2.755E+02,3.410E+00,4.040E+01
2.143E-01,5.786E+00,-1.649E+03,2.828E+02,3.470E+00,4.076E+01
2.124E-01,5.838E+00,-1.678E+03,2.904E+02,3.532E+00,4.112E+01
2.105E-01,5.891E+00,-1.708E+03,2.982E+02,3.595E+00,4.148E+01
2.085E-01,5.945E+00,-1.738E+03,3.063E+02,3.660E+00,4.185E+01
2.066E-01,6.000E+00,-1.770E+03,3.148E+02,3.726E+00,4.223E+01
2.047E-01,6.056E+00,-1.802E+03,3.235E+02,3.795E+00,4.262E+01
2.028E-01,6.114E+00,-1.835E+03,3.325E+02,3.865E+00,4.301E+01
2.009E-01,6.172E+00,-1.869E+03,3.419E+02,3.938E+00,4.341E+01
1.990E-01,6.231E+00,-1.904E+03,3.516E+02,4.012E+00,4.382E+01
1.971E-01,6.292E+00,-1.940E+03,3.618E+02,4.089E+00,4.424E+01
1.952E-01,6.353E+00,-1.977E+03,3.723E+02,4.168E+00,4.466E+01
1.932E-01,6.416E+00,-2.015E+03,3.832E+02,4.249E+00,4.509E+01
1.913E-01,6.480E+00,-2.054E+03,3.945E+02,4.332E+00,4.553E+01
1.894E-01,6.546E+00,-2.095E+03,4.063E+02,4.418E+00,4.598E+01
1.875E-01,6.612E+00,-2.136E+03,4.185E+02,4.507E+00,4.644E+01
1.856E-01,6.681E+00,-2.179E+03,4.313E+02,4.598E+00,4.690E+01
1.837E-01,6.750E+00,-2.223E+03,4.445E+02,4.692E+00,4.738E+01
1.818E-01,6.821E+00,-2.268E+03,4.584E+02,4.788E+00,4.786E+01
1.798E-01,6.894E+00,-2.315E+03,4.728E+02,4.888E+00,4.836E+01
1.779E-01,6.968E+00,-2.363E+03,4.878E+02,4.991E+00,4.886E+01
1.760E-01,7.044E+00,-2.412E+03,5.034E+02,5.097E+00,4.938E+01
1.741E-01,7.121E+00,-2.463E+03,5.197E+02,5.207E+00,4.990E+01
1.722E-01,7.200E+00,-2.516E+03,5.367E+02,5.320E+00,5.044E+01
1.703E-01,7.281E+00,-2.570E+03,5.544E+02,5.437E+00,5.099E+01
1.684E-01,7.364E+00,-2.626E+03,5.730E+02,5.557E+00,5.155E+01
1.665E-01,7.449E+00,-2.684E+03,5.923E+02,5.682E+00,5.212E+01
1.645E-01,7.535E+00,-2.744E+03,6.126E+02,5.811E+00,5.271E+01
1.626E-01,7.624E+00,-2.806E+03,6.337E+02,5.944E+00,5.331E+01
1.607E-01,7.715E+00,-2.870E+03,6.559E+02,6.082E+00,5.392E+01
1.588E-01,7.808E+00,-2.936E+03,6.790E+02,6.225E+00,5.454E+01
1.569E-01,7.903E+00,-3.005E+03,7.033E+02,6.373E+00,5.518E+01
1.550E-01,8.001E+00,-3.075E+03,7.288E+02,6.526E+00,5.584E+01
1.531E-01,8.100E+00,-3.149E+03,7.554E+02,6.684E+00,5.651E+01
1.512E-01,8.203E+00,-3.224E+03,7.834E+02,6.848E+00,5.720E+01
1.492E-01,8.308E+00,-3.303E+03,8.127E+02,7.019E+00,5.790E+01
1.473E-01,8.416E+00,-3.384E+03,8.435E+02,7.195E+00,5.862E+01
1.454E-01,8.527E+00,-3.469E+03,8.759E+02,7.379E+00,5.936E+01
1.435E-01,8.641E+00,-3.556E+03,9.100E+02,7.569E+00,6.011E+01
1.416E-01,8.757E+00,-3.647E+03,9.458E+02,7.767E+00,6.089E+01
1.397E-01,8.877E+00,-3.741E+03,9.835E+02,7.972E+00,6.168E+01
1.378E-01,9.001E+00,-3.839E+03,1.023E+03,8.186E+00,6.250E+01
1.358E-01,9.127E+00,-3.940E+03,1.065E+03,8.408E+00,6.333E+01
1.339E-01,9.257E+00,-4.046E+03,1.109E+03,8.639E+00,6.419E+01
1.320E-01,9.392E+00,-4.156E+03,1.156E+03,8.880E+00,6.507E+01
1.301E-01,9.530E+00,-4.270E+03,1.205E+03,9.131E+00,6.598E+01
1.282E-01,9.672E+00,-4.389E+03,1.257E+03,9.393E+00,6.691E+01
1.263E-01,9.819E+00,-4.512E+03,1.312E+03,9.665E+00,6.787E+01
1.244E-01,9.970E+00,-4.641E+03,1.370E+03,9.950E+00,6.885E+01
1.225E-01,1.013E+01,-4.775E+03,1.432E+03,1.025E+01,6.986E+01
1.205E-01,1.029E+01,-4.915E+03,1.497E+03,1.056E+01,7.090E+01
1.186E-01,1.045E+01,-5.061E+03,1.566E+03,1.088E+01,7.197E+01
1.167E-01,1.062E+01,-5.213E+03,1.640E+03,1.122E+01,7.307E+01
1.148E-01,1.080E+01,-5.373E+03,1.718E+03,1.158E+01,7.421E+01
1.129E-01,1.098E+01,-5.539E+03,1.801E+03,1.195E+01,7.538E+01
1.110E-01,1.117E+01,-5.713E+03,1.890E+03,1.234E+01,7.658E+01
1.091E-01,1.137E+01,-5.894E+03,1.984E+03,1.275E+01,7.783E+01
1.071E-01,1.157E+01,-6.084E+03,2.084E+03,1.318E+01,7.911E+01
1.052E-01,1.178E+01,-6.284E+03,2.192E+03,1.363E+01,8.043E+01
1.033E-01,1.200E+01,-6.492E+03,2.306E+03,1.410E+01,8.180E+01
1.014E-01,1.223E+01,-6.711E+03,2.429E+03,1.460E+01,8.321E+01
9.949E-02,1.246E+01,-6.941E+03,2.560E+03,1.512E+01,8.467E+01
9.758E-02,1.271E+01,-7.182E+03,2.701E+03,1.567E+01,8.618E+01
9.566E-02,1.296E+01,-7.434E+03,2.852E+03,1.625E+01,8.774E+01
9.375E-02,1.323E+01,-7.701E+03,3.015E+03,1.687E+01,8.936E+01
9.184E-02,1.350E+01,-7.980E+03,3.189E+03,1.752E+01,9.103E+01
8.992E-02,1.379E+01,-8.274E+03,3.377E+03,1.820E+01,9.277E+01
8.801E-02,1.409E+01,-8.584E+03,3.580E+03,1.893E+01,9.457E+01
8.610E-02,1.440E+01,-8.911E+03,3.798E+03,1.970E+01,9.643E+01
8.418E-02,1.473E+01,-9.255E+03,4.035E+03,2.051E+01,9.837E+01
8.227E-02,1.507E+01,-9.619E+03,4.291E+03,2.137E+01,1.004E+02
8.036E-02,1.543E+01,-1.000E+04,4.568E+03,2.229E+01,1.025E+02
7.844E-02,1.581E+01,-1.041E+04,4.869E+03,2.327E+01,1.046E+02
7.653E-02,1.620E+01,-1.084E+04,5.196E+03,2.431E+01,1.069E+02
7.462E-02,1.662E+01,-1.129E+04,5.552E+03,2.541E+01,1.093E+02
7.270E-02,1.705E+01,-1.177E+04,5.941E+03,2.659E+01,1.117E+02
7.079E-02,1.751E+01,-1.228E+04,6.364E+03,2.785E+01,1.143E+02
6.888E-02,1.800E+01,-1.282E+04,6.829E+03,2.920E+01,1.169E+02
6.696E-02,1.852E+01,-1.339E+04,7.337E+03,3.065E+01,1.197E+02
6.505E-02,1.906E+01,-1.399E+04,7.894E+03,3.220E+01,1.226E+02
6.314E-02,1.964E+01,-1.464E+04,8.508E+03,3.386E+01,1.256E+02
6.122E-02,2.025E+01,-1.532E+04,9.183E+03,3.565E+01,1.288E+02
5.931E-02,2.090E+01,-1.605E+04,9.930E+03,3.757E+01,1.321E+02
5.740E-02,2.160E+01,-1.682E+04,1.075E+04,3.965E+01,1.356E+02
5.548E-02,2.235E+01,-1.764E+04,1.167E+04,4.189E+01,1.393E+02
5.357E-02,2.314E+01,-1.852E+04,1.268E+04,4.431E+01,1.431E+02
5.166E-02,2.400E+01,-1.944E+04,1.381E+04,4.694E+01,1.471E+02
4.974E-02,2.492E+01,-2.043E+04,1.507E+04,4.979E+01,1.514E+02
